{"ite": [0, 1, 2, 3, 4, 5, 6, 7, 8, 9, 10, 11, 12, 13, 14, 15, 16, 17, 18, 19, 20, 21], "inite": [0, 270, 291, 285, 281, 285, 263, 253, 268, 61, 240, 278, 105, 273, 234, 270, 255, 33, 50, 312, 47, 58], "dtype": ["None", "Sol", "Sol", "Sol", "Sol", "Sol", "Sol", "Sol", "Sol", "NC", "Sol", "Sol", "NC", "Sol", "Sol", "Sol", "Sol", "NC", "NC", "Sol", "NC", "NC"], "orcs": [0, 46.0, 93.1, 138.6, 183.7, 228.2, 272.5, 314.8, 362.6, 391.70000000000005, 433.70000000000005, 484.50000000000006, 502.00000000000006, 558.3000000000001, 600.7, 652.7, 700.2, 757.5, 772.5, 835.7, 937.4000000000001, 1038.2], "time": [0, 1.6219465732574463, 3.404240369796753, 5.195489406585693, 7.292118072509766, 9.689544200897217, 14.556217193603516, 16.954878091812134, 19.153245449066162, 20.363062620162964, 25.280912160873413, 27.91722011566162, 28.899327993392944, 33.68435597419739, 36.61037874221802, 38.84042310714722, 41.76781129837036, 45.9175500869751, 46.85947275161743, 49.00594186782837, 51.60746192932129, 53.978675842285156], "f": [0.25, 0.19646206385835116, 0.16627327837389486, 0.1444946848857884, 0.12924683191445863, 0.11634198211649054, 0.10812950994900052, 0.10103396267537183, 0.097000308368659, 0.09700030640278177, 0.0924544817257283, 0.09012702314542657, 0.09012702092460927, 0.08897778551580156, 0.08621761571276972, 0.08481981074652936, 0.08318907893242701, 0.08318907890168012, 0.08318907027817511, 0.08261690018002894, 0.08261690017553695, 0.08261690016860539], "g_norm": [0.3201694955965916, 0.24519585721268022, 0.19453021216822403, 0.15128355350519918, 0.11941213450035248, 0.09215563694351005, 0.07365519626127878, 0.05858743622801041, 0.05006030076490118, 0.050060293900819536, 0.0400247588976324, 0.035173048288006256, 0.035173030652832345, 0.03259312511557573, 0.026941737271696957, 0.024060599580526837, 0.02087408109314861, 0.02087408109963543, 0.0208740570357036, 0.019812945063312944, 0.019812945055959708, 0.019812945040664012], "alpha": [0, 0.16677181699666577, 0.1853020188851842, 0.2058911320946491, 0.2058911320946491, 0.22876792454961012, 0.1853020188851842, 0.2058911320946491, 0.13508517176729928, 0.10941898913151243, 0.1853020188851842, 0.10941898913151243, 0.5904900000000002, 0.05814973700304011, 0.16677181699666577, 0.08862938119652508, 0.12157665459056936, 0.0041745579179292966, 0.43046721000000016, 0.042391158275216244, 4.4981962247603756e-05, 5.5533286725436733e-05]}