{"ite": [0, 1, 2, 3, 4, 5, 6, 7, 8, 9, 10, 11, 12, 13, 14, 15, 16], "inite": [0, 271, 284, 278, 260, 246, 266, 227, 207, 212, 227, 234, 246, 38, 210, 234, 55], "dtype": ["None", "Sol", "Sol", "Sol", "Sol", "Sol", "Sol", "Sol", "Sol", "Sol", "Sol", "Sol", "Sol", "NC", "Sol", "Sol", "NC"], "orcs": [0, 69.2, 140.0, 208.6, 273.6, 337.8, 406.0, 467.4, 524.8, 583.1999999999999, 648.5999999999999, 728.3999999999999, 798.5999999999999, 829.1999999999999, 891.1999999999999, 960.0, 1006.0], "time": [0, 5.917172193527222, 8.932590007781982, 15.90513300895691, 18.903377771377563, 21.23178458213806, 23.557825565338135, 25.477039098739624, 27.362725973129272, 29.175541162490845, 31.14442205429077, 33.454254150390625, 35.63696241378784, 36.58365249633789, 38.650588512420654, 40.929036378860474, 42.16788148880005], "f": [0.25, 0.18046335929037147, 0.14817033293407936, 0.1256060745970204, 0.1109142766350924, 0.10191427906891713, 0.09525444721103728, 0.09050573557814981, 0.0868386164851661, 0.0839400651913442, 0.08227794277916564, 0.08183934261175894, 0.08056916027894194, 0.08056915954315612, 0.07941236578868067, 0.07853212943395774, 0.07853212929562442], "g_norm": [0.3201694955965916, 0.22062278049889447, 0.15898993173202108, 0.11204859907879167, 0.08003304048031684, 0.06043675393557709, 0.046166009147969506, 0.03612629383815725, 0.02861726842473537, 0.022682764474212642, 0.0198299525755604, 0.01886927427997412, 0.01634484713929088, 0.0163448446320545, 0.013791730694727602, 0.012017133728644717, 0.012017132861369793], "alpha": [0, 0.25418658283290013, 0.28242953648100017, 0.31381059609000017, 0.31381059609000017, 0.25418658283290013, 0.25418658283290013, 0.22876792454961012, 0.22876792454961012, 0.22876792454961012, 0.1500946352969992, 0.03815204244769462, 0.13508517176729928, 0.10941898913151243, 0.1500946352969992, 0.12157665459056936, 0.030903154382632643]}