{"ite": [0, 1, 2], "inite": [0, 250, 266], "dtype": ["None", "Sol", "Sol"], "orcs": [0, 508, 1048], "time": [0, 22.231589794158936, 46.29851961135864], "f": [0.25, 0.13623468677125783, 0.10988425447737894], "g_norm": [0.3201694955965916, 0.13395208355562543, 0.07730298300968588], "alpha": [0, 0.5314410000000002, 0.5314410000000002]}