{"ite": [0, 1, 2, 3, 4, 5, 6, 7, 8, 9, 10, 11, 12, 13, 14, 15, 16, 17, 18], "inite": [0, 293, 305, 309, 323, 327, 303, 360, 66, 314, 19, 47, 52, 38, 25, 28, 60, 52, 39], "dtype": ["None", "Sol", "Sol", "Sol", "Sol", "Sol", "Sol", "Sol", "NC", "Sol", "NC", "NC", "NC", "NC", "NC", "NC", "NC", "NC", "NC"], "orcs": [0, 40.86, 81.96000000000001, 122.14000000000001, 161.60000000000002, 201.14000000000001, 239.20000000000002, 279.40000000000003, 388.72, 426.0, 493.38, 549.3199999999999, 617.3599999999999, 726.1199999999999, 776.6199999999999, 823.1799999999998, 888.3799999999999, 951.4199999999998, 1025.1999999999998], "time": [0, 2.0109949111938477, 4.0830628871917725, 6.940178394317627, 11.380738973617554, 13.602205991744995, 15.760652542114258, 20.928174018859863, 24.380845069885254, 26.862608909606934, 31.276092767715454, 33.226943016052246, 35.45359969139099, 42.157108306884766, 43.98516011238098, 45.76093626022339, 50.635446548461914, 53.11002969741821, 55.57044982910156], "f": [0.25, 0.22749260674655086, 0.21004710637277843, 0.19374131466974698, 0.17889316615575943, 0.16741896222944172, 0.15745187282968812, 0.14957047480981886, 0.14957047480346397, 0.14096712262802952, 0.14096712193766536, 0.1409671218441079, 0.1409671218407772, 0.14096712183337104, 0.1409671209397974, 0.14096711806122086, 0.14096711803440695, 0.14096711802470469, 0.14096711799477732], "g_norm": [0.3201694955965916, 0.28758331707301765, 0.2604949717211859, 0.2333745287875035, 0.20912379538236683, 0.1892729073580325, 0.1706509218363334, 0.15458061292491432, 0.1545806129149617, 0.13941068040203788, 0.13941067921079775, 0.13941067908194005, 0.13941067907507623, 0.13941067906352034, 0.1394106777553514, 0.13941067226726814, 0.13941067223762094, 0.1394106722174387, 0.13941067216046754], "alpha": [0, 0.030903154382632643, 0.030903154382632643, 0.03433683820292516, 0.03815204244769462, 0.03815204244769462, 0.042391158275216244, 0.03815204244769462, 1.4115816386218418e-05, 0.04710128697246249, 0.0010611166119964739, 0.003757102126136367, 0.0010611166119964739, 1.4115816386218418e-05, 0.00636268544113595, 0.009697737297875247, 0.0014555783429306911, 0.0017970102999144335, 0.0005639208733960181]}