{"ite": [0, 1, 2, 3, 4, 5, 6, 7, 8, 9, 10, 11, 12, 13, 14, 15, 16, 17, 18, 19, 20, 21, 22, 23, 24, 25, 26, 27, 28, 29, 30, 31, 32, 33, 34, 35, 36, 37, 38, 39, 40, 41, 42, 43, 44, 45, 46, 47, 48, 49, 50, 51, 52, 53, 54, 55, 56, 57, 58, 59, 60, 61, 62, 63, 64, 65, 66, 67, 68, 69, 70, 71, 72, 73, 74, 75, 76, 77, 78, 79, 80, 81, 82, 83, 84, 85, 86, 87, 88, 89, 90, 91, 92, 93, 94, 95, 96, 97, 98, 99, 100, 101, 102, 103, 104, 105, 106, 107, 108, 109, 110, 111, 112, 113, 114, 115, 116, 117, 118, 119, 120, 121, 122, 123, 124, 125, 126, 127, 128, 129, 130, 131, 132, 133, 134, 135, 136, 137, 138, 139, 140, 141, 142, 143, 144, 145, 146, 147, 148, 149, 150], "inite": [0, 7, 9, 9, 9, 12, 11, 9, 8, 12, 8, 12, 4, 6, 7, 9, 8, 11, 5, 6, 7, 11, 8, 5, 6, 5, 10, 4, 8, 5, 10, 7, 5, 11, 5, 6, 5, 13, 7, 5, 11, 5, 7, 8, 7, 8, 4, 6, 5, 11, 5, 7, 8, 6, 9, 6, 5, 10, 4, 10, 5, 6, 10, 9, 5, 9, 3, 6, 7, 3, 11, 6, 9, 6, 11, 5, 6, 5, 10, 9, 10, 5, 6, 10, 11, 8, 4, 4, 5, 6, 9, 3, 5, 8, 6, 5, 12, 6, 8, 6, 11, 4, 5, 9, 5, 4, 9, 6, 6, 10, 4, 6, 9, 6, 9, 3, 8, 5, 7, 5, 9, 5, 9, 9, 7, 12, 6, 4, 8, 6, 5, 12, 5, 13, 5, 7, 8, 6, 9, 7, 8, 11, 4, 7, 6, 7, 9, 5, 3, 6, 11], "dtype": ["None", "Sol", "Sol", "Sol", "Sol", "Sol", "Sol", "Sol", "Sol", "Sol", "Sol", "NC", "Sol", "Sol", "Sol", "Sol", "Sol", "NC", "Sol", "Sol", "Sol", "Sol", "NC", "Sol", "Sol", "Sol", "NC", "Sol", "Sol", "Sol", "NC", "Sol", "Sol", "NC", "Sol", "Sol", "Sol", "NC", "Sol", "Sol", "NC", "Sol", "Sol", "Sol", "Sol", "NC", "Sol", "Sol", "Sol", "NC", "Sol", "Sol", "Sol", "Sol", "NC", "Sol", "Sol", "Sol", "Sol", "NC", "Sol", "Sol", "Sol", "Sol", "Sol", "NC", "Sol", "Sol", "Sol", "Sol", "NC", "Sol", "Sol", "Sol", "NC", "Sol", "Sol", "Sol", "Sol", "Sol", "NC", "Sol", "Sol", "Sol", "Sol", "NC", "Sol", "Sol", "Sol", "Sol", "NC", "Sol", "Sol", "Sol", "Sol", "Sol", "NC", "Sol", "Sol", "Sol", "NC", "Sol", "Sol", "NC", "Sol", "Sol", "NC", "Sol", "Sol", "NC", "Sol", "Sol", "Sol", "Sol", "NC", "Sol", "Sol", "Sol", "Sol", "Sol", "NC", "Sol", "Sol", "Sol", "Sol", "NC", "Sol", "Sol", "Sol", "Sol", "Sol", "Sol", "Sol", "NC", "Sol", "Sol", "Sol", "Sol", "Sol", "Sol", "Sol", "NC", "Sol", "Sol", "Sol", "Sol", "NC", "Sol", "Sol", "Sol", "Sol"], "orcs": [0, 2.7, 5.6, 8.5, 11.4, 14.600000000000001, 17.700000000000003, 20.6, 23.400000000000002, 26.6, 29.400000000000002, 53.6, 56.0, 58.6, 61.300000000000004, 64.2, 67.0, 87.1, 89.6, 92.19999999999999, 94.89999999999999, 97.99999999999999, 113.79999999999998, 116.29999999999998, 118.89999999999998, 121.39999999999998, 156.39999999999998, 158.79999999999998, 161.6, 164.1, 177.1, 179.79999999999998, 182.29999999999998, 197.39999999999998, 199.89999999999998, 202.49999999999997, 204.99999999999997, 226.29999999999998, 228.99999999999997, 231.49999999999997, 239.59999999999997, 242.09999999999997, 244.79999999999995, 247.59999999999997, 250.29999999999995, 285.09999999999997, 287.49999999999994, 290.09999999999997, 292.59999999999997, 314.7, 317.2, 319.9, 322.7, 325.3, 352.2, 354.8, 357.3, 360.3, 362.7, 384.7, 387.2, 389.8, 392.8, 395.7, 398.2, 439.09999999999997, 441.4, 444.0, 446.7, 449.0, 461.1, 463.70000000000005, 466.6, 469.20000000000005, 493.30000000000007, 495.80000000000007, 498.4000000000001, 500.9000000000001, 503.9000000000001, 506.80000000000007, 533.8000000000001, 536.3000000000001, 538.9000000000001, 541.9000000000001, 545.0000000000001, 570.8000000000001, 573.2, 575.6, 578.1, 580.7, 615.6, 617.9, 620.4, 623.1999999999999, 625.8, 628.3, 649.5, 652.1, 654.9, 657.5, 676.6, 679.0, 681.5, 695.4, 697.9, 700.3, 713.1999999999999, 715.8, 718.4, 740.4, 742.8, 745.4, 748.3, 750.9, 785.8, 788.0999999999999, 790.8999999999999, 793.3999999999999, 796.0999999999999, 798.5999999999999, 822.4999999999999, 824.9999999999999, 827.8999999999999, 830.7999999999998, 833.4999999999999, 867.6999999999999, 870.3, 872.6999999999999, 875.4999999999999, 878.0999999999999, 880.5999999999999, 883.8, 886.3, 909.5999999999999, 912.0999999999999, 914.8, 917.5999999999999, 920.1999999999999, 923.0999999999999, 925.8, 928.5999999999999, 966.6999999999999, 969.0999999999999, 971.8, 974.4, 977.1, 992.0, 994.5, 996.8, 999.4, 1002.5], "time": [0, 0.19005513191223145, 0.3919670581817627, 0.5953924655914307, 0.7907364368438721, 0.9930238723754883, 1.1849861145019531, 1.3873066902160645, 1.5807898044586182, 1.7843537330627441, 1.975283145904541, 2.652691602706909, 2.836439609527588, 3.021855592727661, 3.210214138031006, 3.404846429824829, 3.6043803691864014, 4.2025861740112305, 4.387859344482422, 4.5695788860321045, 4.770615816116333, 4.974656105041504, 5.474563837051392, 5.646957874298096, 5.840889930725098, 6.007042169570923, 6.929894208908081, 7.106569528579712, 7.30848240852356, 7.48489236831665, 7.951775550842285, 8.157562017440796, 8.37502908706665, 8.883256673812866, 9.067348003387451, 9.250752925872803, 9.445088863372803, 10.053762197494507, 10.247068166732788, 10.421609878540039, 10.767595291137695, 10.93407940864563, 11.12773871421814, 11.325164079666138, 11.5196053981781, 12.423877477645874, 12.607666492462158, 12.791276216506958, 12.979275465011597, 13.615931034088135, 13.807298183441162, 13.991467952728271, 14.183215379714966, 14.36643362045288, 15.106959581375122, 15.29355239868164, 15.510034322738647, 15.7106192111969, 15.914090871810913, 16.55662775039673, 16.747305631637573, 16.949894189834595, 17.167783737182617, 17.38126850128174, 17.587580680847168, 18.74294090270996, 18.970470428466797, 19.20748233795166, 19.4312903881073, 19.659185647964478, 20.13589572906494, 20.35674476623535, 20.60754632949829, 20.85342311859131, 21.564247846603394, 21.748722791671753, 21.93095588684082, 22.107669353485107, 22.309001445770264, 22.500393390655518, 23.252097845077515, 23.433892250061035, 23.62621831893921, 23.815585613250732, 24.01862645149231, 24.737857341766357, 24.90321159362793, 25.086597442626953, 25.260707139968872, 25.45346689224243, 26.384371280670166, 26.55590581893921, 26.741745948791504, 26.92814350128174, 27.110201358795166, 27.29205560684204, 27.91119909286499, 28.090999364852905, 28.284963369369507, 28.466447591781616, 29.04547643661499, 29.2367103099823, 29.427410364151, 29.882527351379395, 30.055060386657715, 30.235790014266968, 30.67124581336975, 30.841423511505127, 31.03119707107544, 31.67038369178772, 31.841254711151123, 32.0336172580719, 32.22537589073181, 32.406970262527466, 33.323123931884766, 33.50041890144348, 33.689417123794556, 33.8645281791687, 34.05518174171448, 34.226542949676514, 34.903337717056274, 35.07651329040527, 35.27837586402893, 35.48704648017883, 35.671048641204834, 36.5811185836792, 36.75395917892456, 36.93583631515503, 37.11975979804993, 37.31165146827698, 37.494656562805176, 37.69972229003906, 37.884482622146606, 38.54237699508667, 38.720481634140015, 38.91384935379028, 39.111608266830444, 39.30102181434631, 39.49329209327698, 39.68436336517334, 39.867594957351685, 40.850292682647705, 41.027745962142944, 41.22036552429199, 41.40635704994202, 41.591601610183716, 42.060540199279785, 42.234461069107056, 42.41706466674805, 42.592732191085815, 42.80169343948364],