{"ite": [0, 1, 2, 3, 4, 5, 6, 7, 8, 9, 10, 11, 12, 13, 14, 15, 16, 17, 18, 19, 20, 21, 22, 23, 24, 25, 26, 27, 28, 29, 30, 31, 32, 33, 34, 35, 36, 37, 38, 39, 40, 41, 42, 43, 44, 45, 46, 47, 48, 49, 50, 51, 52, 53, 54, 55, 56, 57, 58, 59, 60, 61, 62, 63, 64, 65, 66, 67, 68, 69, 70, 71, 72, 73, 74, 75, 76, 77, 78, 79, 80, 81, 82, 83, 84, 85, 86, 87, 88, 89, 90, 91, 92, 93, 94, 95, 96, 97, 98, 99, 100, 101, 102, 103, 104, 105, 106, 107, 108, 109, 110, 111, 112, 113, 114, 115, 116, 117, 118, 119, 120, 121, 122, 123, 124, 125, 126, 127, 128, 129], "inite": [0, 7, 9, 9, 7, 6, 5, 3, 6, 6, 5, 5, 5, 4, 6, 5, 6, 8, 6, 6, 5, 4, 5, 8, 3, 7, 5, 4, 6, 5, 4, 7, 5, 5, 6, 7, 4, 5, 5, 6, 5, 4, 5, 5, 3, 5, 5, 7, 5, 5, 6, 7, 5, 8, 6, 5, 3, 7, 5, 5, 5, 5, 3, 5, 4, 3, 5, 5, 4, 6, 4, 5, 5, 6, 4, 6, 5, 3, 5, 6, 6, 5, 4, 4, 3, 7, 4, 6, 5, 6, 4, 4, 6, 4, 3, 5, 4, 5, 5, 6, 4, 5, 3, 5, 5, 6, 3, 6, 5, 4, 5, 4, 4, 5, 5, 7, 4, 6, 3, 5, 5, 3, 4, 3, 4, 6, 3, 5, 6, 4], "dtype": ["None", "Sol", "Sol", "NC", "NC", "Sol", "NC", "Sol", "NC", "NC", "NC", "Sol", "NC", "Sol", "NC", "Sol", "NC", "NC", "Sol", "NC", "Sol", "Sol", "Sol", "NC", "Sol", "NC", "NC", "Sol", "NC", "NC", "Sol", "NC", "NC", "NC", "NC", "NC", "NC", "NC", "Sol", "NC", "NC", "Sol", "NC", "Sol", "Sol", "NC", "Sol", "NC", "Sol", "NC", "NC", "NC", "Sol", "NC", "Sol", "Sol", "Sol", "NC", "NC", "Sol", "Sol", "NC", "Sol", "NC", "NC", "Sol", "NC", "Sol", "Sol", "NC", "NC", "Sol", "Sol", "NC", "Sol", "NC", "Sol", "Sol", "NC", "Sol", "NC", "NC", "Sol", "NC", "Sol", "NC", "Sol", "NC", "Sol", "NC", "NC", "Sol", "NC", "Sol", "Sol", "NC", "Sol", "NC", "Sol", "NC", "Sol", "NC", "Sol", "NC", "Sol", "NC", "Sol", "Sol", "NC", "Sol", "NC", "Sol", "Sol", "NC", "Sol", "Sol", "Sol", "NC", "Sol", "NC", "NC", "Sol", "NC", "Sol", "Sol", "NC", "Sol", "Sol", "NC", "Sol"], "orcs": [0, 2.14, 4.32, 14.5, 19.64, 21.76, 28.86, 30.919999999999998, 45.04, 51.16, 57.26, 59.36, 70.46, 72.53999999999999, 94.66, 96.75999999999999, 106.88, 112.03999999999999, 114.16, 131.28, 133.38, 135.46, 137.56, 161.72, 163.78, 169.92000000000002, 176.02, 178.10000000000002, 195.22000000000003, 203.32000000000002, 205.40000000000003, 220.54000000000002, 224.64000000000001, 234.74, 241.86, 252.0, 259.08, 268.18, 270.28000000000003, 295.40000000000003, 302.50000000000006, 304.58000000000004, 318.68000000000006, 320.7800000000001, 322.8400000000001, 345.9400000000001, 348.04000000000013, 361.1800000000001, 363.28000000000014, 373.38000000000017, 382.50000000000017, 388.64000000000016, 390.7400000000002, 411.9000000000002, 414.0200000000002, 416.12000000000023, 418.18000000000023, 434.3200000000002, 438.42000000000024, 440.52000000000027, 442.6200000000003, 457.7200000000003, 459.7800000000003, 471.88000000000034, 478.9600000000003, 481.0200000000003, 502.12000000000035, 504.22000000000037, 506.30000000000035, 531.4200000000003, 538.5000000000003, 540.6000000000004, 542.7000000000004, 548.8200000000004, 550.9000000000004, 576.0200000000004, 578.1200000000005, 580.1800000000004, 591.2800000000004, 593.4000000000004, 609.5200000000004, 616.6200000000005, 618.7000000000005, 632.7800000000005, 634.8400000000005, 660.9800000000005, 663.0600000000005, 671.1800000000005, 673.2800000000005, 689.4000000000005, 695.4800000000006, 697.5600000000006, 717.6800000000006, 719.7600000000007, 721.8200000000006, 734.9200000000006, 737.0000000000007, 751.1000000000007, 753.2000000000007, 765.3200000000007, 767.4000000000008, 777.5000000000008, 779.5600000000007, 794.6600000000008, 796.7600000000008, 811.8800000000008, 813.9400000000007, 816.0600000000007, 829.1600000000008, 831.2400000000008, 847.3400000000008, 849.4200000000009, 851.5000000000009, 882.6000000000009, 884.700000000001, 886.8400000000009, 888.920000000001, 913.040000000001, 915.1000000000009, 924.200000000001, 928.300000000001, 930.3600000000009, 948.440000000001, 950.5000000000009, 952.580000000001, 970.700000000001, 972.7600000000009, 974.8600000000009, 997.9800000000009, 1000.060000000001], "time": [0, 0.16194415092468262, 0.3312044143676758, 0.724261999130249, 1.0188262462615967, 1.202284336090088, 1.5156536102294922, 1.7039690017700195, 2.1757960319519043, 2.4509081840515137, 2.7376887798309326, 2.9159343242645264, 3.311897039413452, 3.482262372970581, 4.12204384803772, 4.285878658294678, 4.6581034660339355, 4.919656276702881, 5.091770172119141, 5.61919379234314, 5.789872884750366, 5.974860429763794, 6.141184329986572, 6.831773996353149, 6.996927738189697, 7.272397756576538, 7.556143760681152, 7.727733612060547, 8.254305839538574, 8.572953701019287, 8.738030910491943, 9.224947452545166, 9.459014892578125, 9.85654878616333, 10.154072761535645, 10.528725862503052, 10.850529193878174, 11.197147846221924, 11.36789608001709, 12.074519634246826, 12.378895044326782, 12.544288873672485, 13.010780811309814, 13.171812534332275, 13.343250751495361, 14.012527227401733, 14.171778202056885, 14.614332437515259, 14.777338027954102, 15.171081781387329, 15.506582260131836, 15.797787189483643, 15.973743677139282, 16.581361770629883, 16.754573345184326, 16.93801188468933, 17.10120916366577, 17.59946084022522, 17.849647760391235, 18.019726514816284, 18.191755056381226, 18.688592672348022, 18.869920253753662, 19.278705835342407, 19.583147525787354, 19.755079746246338, 20.373090028762817, 20.536845207214355, 20.709036588668823, 21.406335830688477, 21.695615768432617, 21.878729581832886, 22.0507709980011, 22.332637786865234, 22.50794816017151, 23.207633018493652, 23.368942499160767, 23.55173134803772, 23.945080995559692, 24.114468336105347, 24.611886739730835, 24.933505058288574, 25.108723163604736, 25.59423828125, 25.78626012802124, 26.52056312561035, 26.682369232177734, 27.019856691360474, 27.187714099884033, 27.70534610748291, 27.995792865753174, 28.15742015838623, 28.755763292312622, 28.921849012374878, 29.09340786933899, 29.52949547767639, 29.70296883583069, 30.16670799255371, 30.331125736236572, 30.757116317749023, 30.917738437652588, 31.282214164733887, 31.46010398864746, 31.968044757843018, 32.149723052978516, 32.637776374816895, 32.81865668296814, 33.001314640045166, 33.46894431114197, 33.641807556152344, 34.17784881591797, 34.35806226730347, 34.54026794433594, 35.373302698135376, 35.56843948364258, 35.771538972854614, 35.952343702316284, 36.67439866065979, 36.886427879333496, 37.22998547554016, 37.47296452522278, 37.64490461349487, 38.20938992500305, 38.384936809539795, 38.56286144256592, 39.13972091674805, 39.31747317314148, 39.50780987739563, 40.208555698394775, 40.382416009902954],