{"ite": [0, 1, 2, 3, 4, 5, 6, 7, 8, 9, 10, 11, 12, 13, 14, 15, 16, 17, 18, 19, 20, 21, 22, 23, 24, 25, 26, 27, 28, 29, 30, 31, 32, 33, 34, 35, 36, 37, 38, 39, 40, 41, 42, 43, 44, 45, 46, 47, 48, 49, 50, 51, 52, 53, 54, 55, 56, 57, 58, 59, 60, 61, 62, 63, 64, 65, 66, 67, 68, 69, 70, 71, 72, 73, 74, 75, 76, 77, 78, 79, 80, 81, 82, 83, 84, 85, 86, 87, 88, 89, 90, 91, 92, 93, 94, 95, 96, 97, 98, 99, 100, 101, 102, 103, 104, 105, 106, 107, 108, 109, 110, 111, 112, 113, 114, 115, 116, 117, 118, 119, 120, 121, 122, 123, 124, 125, 126, 127, 128, 129, 130, 131, 132, 133, 134, 135, 136, 137, 138, 139, 140, 141, 142, 143, 144, 145, 146, 147, 148, 149, 150, 151, 152, 153, 154, 155, 156, 157], "inite": [0, 7, 9, 9, 9, 11, 8, 12, 10, 11, 13, 12, 11, 13, 12, 13, 6, 14, 6, 6, 8, 8, 6, 12, 5, 8, 7, 12, 10, 14, 6, 6, 8, 8, 11, 5, 14, 8, 15, 4, 7, 4, 10, 6, 10, 6, 14, 7, 16, 5, 11, 4, 7, 6, 11, 11, 14, 3, 5, 5, 7, 8, 6, 13, 5, 8, 8, 8, 13, 10, 15, 15, 14, 5, 4, 6, 6, 9, 7, 8, 11, 11, 9, 5, 6, 9, 9, 13, 5, 7, 7, 5, 8, 8, 11, 3, 11, 11, 15, 7, 7, 15, 5, 6, 7, 12, 7, 12, 6, 14, 6, 8, 9, 8, 11, 6, 15, 5, 7, 9, 6, 14, 4, 9, 5, 12, 11, 16, 7, 16, 5, 5, 8, 5, 10, 6, 14, 6, 16, 5, 14, 5, 16, 10, 15, 4, 6, 8, 6, 12, 8, 11, 9, 12, 16, 11, 12, 16], "dtype": ["None", "Sol", "Sol", "Sol", "Sol", "Sol", "Sol", "Sol", "Sol", "Sol", "Sol", "Sol", "Sol", "Sol", "Sol", "Sol", "Sol", "NC", "Sol", "Sol", "Sol", "Sol", "Sol", "NC", "Sol", "Sol", "Sol", "Sol", "Sol", "NC", "Sol", "Sol", "Sol", "Sol", "Sol", "Sol", "Sol", "Sol", "NC", "Sol", "Sol", "Sol", "Sol", "Sol", "Sol", "Sol", "Sol", "Sol", "Sol", "Sol", "NC", "Sol", "Sol", "Sol", "Sol", "Sol", "NC", "Sol", "Sol", "Sol", "Sol", "Sol", "Sol", "NC", "Sol", "Sol", "Sol", "Sol", "Sol", "Sol", "Sol", "Sol", "NC", "Sol", "Sol", "Sol", "Sol", "Sol", "Sol", "Sol", "Sol", "Sol", "NC", "Sol", "Sol", "Sol", "Sol", "NC", "Sol", "Sol", "Sol", "Sol", "Sol", "Sol", "Sol", "Sol", "Sol", "Sol", "Sol", "Sol", "Sol", "NC", "Sol", "Sol", "Sol", "Sol", "Sol", "Sol", "Sol", "NC", "Sol", "Sol", "Sol", "Sol", "Sol", "Sol", "NC", "Sol", "Sol", "Sol", "Sol", "Sol", "Sol", "Sol", "Sol", "Sol", "Sol", "Sol", "Sol", "NC", "Sol", "Sol", "Sol", "Sol", "Sol", "Sol", "Sol", "Sol", "Sol", "Sol", "Sol", "Sol", "Sol", "Sol", "NC", "Sol", "Sol", "Sol", "Sol", "Sol", "Sol", "Sol", "Sol", "Sol", "Sol", "Sol", "Sol", "Sol"], "orcs": [0, 3.4000000000000004, 7.2, 11.0, 14.8, 19.0, 22.6, 27.0, 31.0, 35.2, 39.800000000000004, 44.2, 48.400000000000006, 53.00000000000001, 57.400000000000006, 62.00000000000001, 65.2, 93.0, 96.2, 99.4, 103.0, 106.6, 109.8, 130.2, 133.2, 136.79999999999998, 140.2, 144.6, 148.6, 180.4, 183.6, 186.79999999999998, 190.39999999999998, 193.99999999999997, 198.19999999999996, 201.19999999999996, 205.99999999999997, 209.59999999999997, 243.59999999999997, 246.39999999999998, 249.79999999999998, 252.6, 256.6, 259.8, 263.8, 267.0, 271.8, 275.2, 280.4, 283.4, 308.59999999999997, 311.4, 314.79999999999995, 317.99999999999994, 322.19999999999993, 326.3999999999999, 367.19999999999993, 369.79999999999995, 372.79999999999995, 375.79999999999995, 379.19999999999993, 382.79999999999995, 385.99999999999994, 404.59999999999997, 407.59999999999997, 411.2, 414.8, 418.40000000000003, 423.00000000000006, 427.00000000000006, 432.00000000000006, 437.00000000000006, 478.80000000000007, 481.80000000000007, 484.6000000000001, 487.80000000000007, 491.00000000000006, 494.80000000000007, 498.20000000000005, 501.80000000000007, 506.00000000000006, 510.20000000000005, 540.0, 543.0, 546.2, 550.0, 553.8, 599.4, 602.4, 605.8, 609.1999999999999, 612.1999999999999, 615.8, 619.4, 623.6, 626.2, 630.4000000000001, 634.6000000000001, 639.6000000000001, 643.0000000000001, 646.4000000000001, 675.4000000000001, 678.4000000000001, 681.6000000000001, 685.0000000000001, 689.4000000000001, 692.8000000000001, 697.2, 700.4000000000001, 726.2, 729.4000000000001, 733.0000000000001, 736.8000000000001, 740.4000000000001, 744.6000000000001, 747.8000000000002, 776.8000000000002, 779.8000000000002, 783.2000000000002, 787.0000000000001, 790.2000000000002, 795.0000000000001, 797.8000000000001, 801.6, 804.6, 809.0, 813.2, 818.4000000000001, 821.8000000000001, 861.0000000000001, 864.0000000000001, 867.0000000000001, 870.6000000000001, 873.6000000000001, 877.6000000000001, 880.8000000000002, 885.6000000000001, 888.8000000000002, 894.0000000000002, 897.0000000000002, 901.8000000000002, 904.8000000000002, 910.0000000000002, 914.0000000000002, 950.0000000000002, 952.8000000000002, 956.0000000000002, 959.6000000000003, 962.8000000000003, 967.2000000000003, 970.8000000000003, 975.0000000000003, 978.8000000000003, 983.2000000000003, 988.4000000000003, 992.6000000000004, 997.0000000000003, 1002.2000000000004], "time": [0, 0.24262237548828125, 0.505040168762207, 0.7899811267852783, 1.1063127517700195, 1.379380226135254, 1.6425049304962158, 1.977299451828003, 2.244536876678467, 2.502777099609375, 2.7777211666107178, 3.0209743976593018, 3.263906955718994, 3.5119986534118652, 3.7602410316467285, 4.01624321937561, 4.237647294998169, 5.026240587234497, 5.266191482543945, 5.508994102478027, 5.731476545333862, 5.949632167816162, 6.151897192001343, 6.769991159439087, 6.963638782501221, 7.173537969589233, 7.377270698547363, 7.613839626312256, 7.841481924057007, 8.711283206939697, 8.904696941375732, 9.1153244972229, 9.31744647026062, 9.55527114868164, 9.780779361724854, 9.998064517974854, 10.258460283279419, 10.508193731307983, 11.443418979644775, 11.64473819732666, 11.865229845046997, 12.07800555229187, 12.305892944335938, 12.509884595870972, 12.733407258987427, 12.936973571777344, 13.179749488830566, 13.379791498184204, 13.644063949584961, 13.852095365524292, 14.556134700775146, 14.745952606201172, 14.954981803894043, 15.156236171722412, 15.379019737243652, 15.607627868652344, 16.65675115585327, 16.83420443534851, 17.037754774093628, 17.247342348098755, 17.451587915420532, 17.66434407234192, 17.86242437362671, 18.429527759552002, 18.609609365463257, 18.839902877807617, 19.054615259170532, 19.265706300735474, 19.504862070083618, 19.727619647979736, 19.981952905654907, 20.23109722137451, 21.31452989578247, 21.5155987739563, 21.69780206680298, 21.911085605621338, 22.11284041404724, 22.345906496047974, 22.54642939567566, 22.76260471343994, 22.98477864265442, 23.22020196914673, 24.03007221221924, 24.21921682357788, 24.42047667503357, 24.632113456726074, 24.84714126586914, 26.00884699821472, 26.204402685165405, 26.417875289916992, 26.61750602722168, 26.82717990875244, 27.034603357315063, 27.252931833267212, 27.484509229660034, 27.679605960845947, 27.911317110061646, 28.13207769393921, 28.39819574356079, 28.599910020828247, 28.809903860092163, 29.605736017227173, 29.795429944992065, 29.998663663864136, 30.203994035720825, 30.446852922439575, 30.6517014503479, 30.891884803771973, 31.086772203445435, 31.814884185791016, 32.0071222782135, 32.22962927818298, 32.44050860404968, 32.66151666641235, 32.886621713638306, 33.09619617462158, 33.88423252105713, 34.07935404777527, 34.30157995223999, 34.5087890625, 34.707226514816284, 34.960535287857056, 35.147266149520874, 35.370412826538086, 35.568541526794434, 35.79340052604675, 36.009488344192505, 36.25497221946716, 36.45942974090576, 37.48371696472168, 37.67557239532471, 37.875285625457764, 38.078901290893555, 38.2857551574707, 38.50135612487793, 38.70208144187927, 38.955568075180054, 39.15728449821472, 39.418519258499146, 39.61041879653931, 39.851927042007446, 40.039740800857544, 40.292168617248535, 40.51077723503113, 41.460158824920654, 41.638543367385864, 41.850364208221436, 42.06237268447876, 42.27080178260803, 42.51317739486694, 42.72747850418091, 42.95899152755737, 43.18358397483826, 43.41518425941467, 43.663249254226685, 43.89035415649414, 44.13137364387512, 44.391318559646606],