{"ite": [0, 1, 2, 3, 4, 5, 6, 7, 8, 9, 10, 11, 12, 13, 14, 15, 16, 17, 18, 19, 20, 21, 22, 23, 24, 25, 26, 27, 28, 29, 30, 31], "inite": [0, 7, 9, 9, 9, 9, 11, 11, 13, 12, 14, 8, 14, 18, 8, 18, 18, 20, 20, 20, 22, 13, 20, 22, 19, 22, 12, 20, 23, 17, 23, 20], "dtype": ["None", "Sol", "Sol", "Sol", "Sol", "Sol", "Sol", "Sol", "Sol", "Sol", "Sol", "Sol", "Sol", "Sol", "Sol", "Sol", "Sol", "Sol", "Sol", "Sol", "Sol", "Sol", "Sol", "Sol", "Sol", "Sol", "Sol", "Sol", "Sol", "Sol", "Sol", "Sol"], "orcs": [0, 16, 36, 56, 76, 96, 120, 144, 172, 198, 228, 246, 276, 314, 332, 370, 408, 450, 492, 534, 580, 608, 650, 696, 736, 782, 808, 850, 898, 934, 982, 1024], "time": [0, 0.4174168109893799, 0.9139549732208252, 1.4115400314331055, 1.9057533740997314, 2.397547721862793, 2.989124059677124, 3.569218397140503, 4.252612829208374, 4.8898491859436035, 5.758578538894653, 6.254265785217285, 7.053173780441284, 7.993770599365234, 8.42595386505127, 9.340405225753784, 10.311633348464966, 11.286994934082031, 12.276920795440674, 13.242850303649902, 14.338144540786743, 15.022466659545898, 16.03214192390442, 17.138857126235962, 18.13078284263611, 19.240803003311157, 19.868003368377686, 20.865193128585815, 22.023732662200928, 22.88659691810608, 24.03502345085144, 25.04462170600891], "f": [0.25, 0.11170683203873859, 0.09374453058621306, 0.08557352609772764, 0.08055907043347282, 0.07702507455487499, 0.07498312605182218, 0.07414615484807127, 0.07299350601687143, 0.07284331851633243, 0.07204854729302224, 0.072029111275918, 0.0718959352587867, 0.0714638364658001, 0.0714578075209805, 0.07136523849936029, 0.07124383319377005, 0.07114305668085781, 0.07107335787169959, 0.07101406891653975, 0.07086643856835394, 0.07086192928975997, 0.07081810788882517, 0.0707616569889538, 0.07074754267271428, 0.07066843405831696, 0.07066656405707399, 0.07065241678614051, 0.07059752782855193, 0.07059372027090705, 0.07054248839182685, 0.07053749590697694], "g_norm": [0.3201694955965916, 0.05444975592879813, 0.02113783927294488, 0.008322519016866132, 0.003332331694272847, 0.0018469678423530776, 0.0010307078446688087, 0.0006505659829569532, 0.0005116926511065731, 0.00031010532438962603, 0.0003419322083137956, 0.00018852882507509772, 0.00015740869533294044, 0.00018554768208368014, 0.00011312937873227451, 9.462875620611764e-05, 8.492655834422503e-05, 7.311493756655844e-05, 6.505092126078227e-05, 5.922073762978727e-05, 5.8190124653323806e-05, 4.5134628485427646e-05, 4.251735169161815e-05, 4.029859736832375e-05, 3.566400810502506e-05, 3.887636385840798e-05, 2.9775547103206684e-05, 2.8393430979004777e-05, 2.7674118689546774e-05, 2.483284326517308e-05, 2.491662271776425e-05, 2.2717686298354216e-05], "alpha": [0, 1, 1, 1, 1, 1, 1, 1, 1, 1, 1, 1, 1, 1, 1, 1, 1, 1, 1, 1, 1, 1, 1, 1, 1, 1, 1, 1, 1, 1, 1, 1]}